{
  "sentiment": {
    "avg_time": 0.10640606880187989,
    "min_time": 0.07201266288757324,
    "max_time": 0.2970247268676758,
    "std_time": 0.06603365285723477,
    "times": [
      0.2970247268676758,
      0.07793998718261719,
      0.07222461700439453,
      0.13114523887634277,
      0.08030200004577637,
      0.07652020454406738,
      0.07916855812072754,
      0.10564279556274414,
      0.07207989692687988,
      0.07201266288757324
    ]
  },
  "garch": {
    "avg_time": 0.813996696472168,
    "min_time": 0.6893339157104492,
    "max_time": 1.1416127681732178,
    "std_time": 0.11811149346608892,
    "times": [
      1.1416127681732178,
      0.8404412269592285,
      0.7686452865600586,
      0.7487738132476807,
      0.8534581661224365,
      0.7628457546234131,
      0.8038134574890137,
      0.7834517955780029,
      0.7475907802581787,
      0.6893339157104492
    ]
  },
  "portfolio": {
    "avg_time": 0.02583169937133789,
    "min_time": 0.02035355567932129,
    "max_time": 0.061750173568725586,
    "std_time": 0.0120028637007063,
    "times": [
      0.061750173568725586,
      0.02035355567932129,
      0.020472288131713867,
      0.022304773330688477,
      0.0218656063079834,
      0.022120237350463867,
      0.02281332015991211,
      0.021983861923217773,
      0.021494388580322266,
      0.023158788681030273
    ]
  },
  "intraday": {
    "avg_time": 0.7427322387695312,
    "min_time": 0.6681027412414551,
    "max_time": 0.9464163780212402,
    "std_time": 0.07931061591279641,
    "times": [
      0.9464163780212402,
      0.7115623950958252,
      0.751457691192627,
      0.6768507957458496,
      0.7662138938903809,
      0.6681027412414551,
      0.7106223106384277,
      0.6846494674682617,
      0.7049133777618408,
      0.8065333366394043
    ]
  },
  "concurrent": {
    "total_time": 7.774651765823364,
    "success_rate": 0.75,
    "avg_response_time": 1.3434461236000061,
    "total_requests": 40,
    "successful_requests": 30,
    "results": [
      {
        "service": "portfolio",
        "time": 0.022004127502441406,
        "status": 405,
        "success": false
      },
      {
        "service": "portfolio",
        "time": 0.022998571395874023,
        "status": 405,
        "success": false
      },
      {
        "service": "portfolio",
        "time": 0.020914793014526367,
        "status": 405,
        "success": false
      },
      {
        "service": "garch",
        "time": 0.19311952590942383,
        "status": 200,
        "success": true
      },
      {
        "service": "garch",
        "time": 0.22275996208190918,
        "status": 200,
        "success": true
      },
      {
        "service": "garch",
        "time": 0.20125865936279297,
        "status": 200,
        "success": true
      },
      {
        "service": "portfolio",
        "time": 0.012723207473754883,
        "status": 405,
        "success": false
      },
      {
        "service": "garch",
        "time": 0.05594515800476074,
        "status": 200,
        "success": true
      },
      {
        "service": "garch",
        "time": 0.04953885078430176,
        "status": 200,
        "success": true
      },
      {
        "service": "portfolio",
        "time": 0.014228343963623047,
        "status": 405,
        "success": false
      },
      {
        "service": "sentiment",
        "time": 0.37208080291748047,
        "status": 200,
        "success": true
      },
      {
        "service": "sentiment",
        "time": 0.38544726371765137,
        "status": 200,
        "success": true
      },
      {
        "service": "sentiment",
        "time": 0.348024845123291,
        "status": 200,
        "success": true
      },
      {
        "service": "sentiment",
        "time": 0.39269065856933594,
        "status": 200,
        "success": true
      },
      {
        "service": "portfolio",
        "time": 0.008891820907592773,
        "status": 405,
        "success": false
      },
      {
        "service": "garch",
        "time": 0.044614315032958984,
        "status": 200,
        "success": true
      },
      {
        "service": "sentiment",
        "time": 0.23318791389465332,
        "status": 200,
        "success": true
      },
      {
        "service": "portfolio",
        "time": 0.01241302490234375,
        "status": 405,
        "success": false
      },
      {
        "service": "garch",
        "time": 0.0551915168762207,
        "status": 200,
        "success": true
      },
      {
        "service": "sentiment",
        "time": 0.17759251594543457,
        "status": 200,
        "success": true
      },
      {
        "service": "sentiment",
        "time": 0.1743481159210205,
        "status": 200,
        "success": true
      },
      {
        "service": "portfolio",
        "time": 0.009447336196899414,
        "status": 405,
        "success": false
      },
      {
        "service": "garch",
        "time": 0.04521489143371582,
        "status": 200,
        "success": true
      },
      {
        "service": "sentiment",
        "time": 0.12061762809753418,
        "status": 200,
        "success": true
      },
      {
        "service": "garch",
        "time": 0.036023616790771484,
        "status": 200,
        "success": true
      },
      {
        "service": "portfolio",
        "time": 0.012974739074707031,
        "status": 405,
        "success": false
      },
      {
        "service": "sentiment",
        "time": 0.08033013343811035,
        "status": 200,
        "success": true
      },
      {
        "service": "sentiment",
        "time": 0.08905410766601562,
        "status": 200,
        "success": true
      },
      {
        "service": "garch",
        "time": 0.047936439514160156,
        "status": 200,
        "success": true
      },
      {
        "service": "portfolio",
        "time": 0.010369300842285156,
        "status": 405,
        "success": false
      },
      {
        "service": "intraday",
        "time": 2.05761456489563,
        "status": 200,
        "success": true
      },
      {
        "service": "intraday",
        "time": 3.41051983833313,
        "status": 200,
        "success": true
      },
      {
        "service": "intraday",
        "time": 3.4656927585601807,
        "status": 200,
        "success": true
      },
      {
        "service": "intraday",
        "time": 4.603054046630859,
        "status": 200,
        "success": true
      },
      {
        "service": "intraday",
        "time": 5.0189385414123535,
        "status": 200,
        "success": true
      },
      {
        "service": "intraday",
        "time": 4.957092523574829,
        "status": 200,
        "success": true
      },
      {
        "service": "intraday",
        "time": 6.577072858810425,
        "status": 200,
        "success": true
      },
      {
        "service": "intraday",
        "time": 6.530959367752075,
        "status": 200,
        "success": true
      },
      {
        "service": "intraday",
        "time": 6.705350875854492,
        "status": 200,
        "success": true
      },
      {
        "service": "intraday",
        "time": 6.939607381820679,
        "status": 200,
        "success": true
      }
    ]
  }
}