{
  "sentiment": {
    "avg_time": 0.0774338722229004,
    "min_time": 0.06853675842285156,
    "max_time": 0.09518885612487793,
    "std_time": 0.008007687999660035,
    "times": [
      0.09518885612487793,
      0.07365250587463379,
      0.07600808143615723,
      0.06853675842285156,
      0.07924413681030273,
      0.06906652450561523,
      0.07109832763671875,
      0.07332134246826172,
      0.08176708221435547,
      0.08645510673522949
    ]
  },
  "garch": {
    "avg_time": 0.7647188186645508,
    "min_time": 0.6663179397583008,
    "max_time": 0.9190106391906738,
    "std_time": 0.0743485062434068,
    "times": [
      0.9190106391906738,
      0.8634169101715088,
      0.8163485527038574,
      0.7029674053192139,
      0.7457201480865479,
      0.7354903221130371,
      0.6663179397583008,
      0.7545912265777588,
      0.7051911354064941,
      0.7381339073181152
    ]
  },
  "portfolio": {
    "avg_time": 0.022480463981628417,
    "min_time": 0.02037644386291504,
    "max_time": 0.03078436851501465,
    "std_time": 0.002954817610150702,
    "times": [
      0.03078436851501465,
      0.021172761917114258,
      0.022603273391723633,
      0.020762205123901367,
      0.020559072494506836,
      0.021904468536376953,
      0.020532608032226562,
      0.02037644386291504,
      0.023676395416259766,
      0.022433042526245117
    ]
  },
  "intraday": {
    "avg_time": 0.7775550365447998,
    "min_time": 0.7111237049102783,
    "max_time": 0.8662316799163818,
    "std_time": 0.04418398854659042,
    "times": [
      0.764702320098877,
      0.8662316799163818,
      0.7391047477722168,
      0.8061525821685791,
      0.7647397518157959,
      0.830787181854248,
      0.7751719951629639,
      0.7111237049102783,
      0.7355875968933105,
      0.7819488048553467
    ]
  },
  "concurrent": {
    "total_time": 7.54951286315918,
    "success_rate": 1.0,
    "avg_response_time": 1.3157256841659546,
    "total_requests": 40,
    "successful_requests": 40,
    "results": [
      {
        "service": "portfolio",
        "time": 0.027988195419311523,
        "status": 200,
        "success": true
      },
      {
        "service": "portfolio",
        "time": 0.05229377746582031,
        "status": 200,
        "success": true
      },
      {
        "service": "portfolio",
        "time": 0.03423047065734863,
        "status": 200,
        "success": true
      },
      {
        "service": "garch",
        "time": 0.1414928436279297,
        "status": 200,
        "success": true
      },
      {
        "service": "garch",
        "time": 0.19793438911437988,
        "status": 200,
        "success": true
      },
      {
        "service": "portfolio",
        "time": 0.02078080177307129,
        "status": 200,
        "success": true
      },
      {
        "service": "garch",
        "time": 0.21133899688720703,
        "status": 200,
        "success": true
      },
      {
        "service": "sentiment",
        "time": 0.26828670501708984,
        "status": 200,
        "success": true
      },
      {
        "service": "garch",
        "time": 0.14271950721740723,
        "status": 200,
        "success": true
      },
      {
        "service": "portfolio",
        "time": 0.025977373123168945,
        "status": 200,
        "success": true
      },
      {
        "service": "garch",
        "time": 0.07500219345092773,
        "status": 200,
        "success": true
      },
      {
        "service": "sentiment",
        "time": 0.34061408042907715,
        "status": 200,
        "success": true
      },
      {
        "service": "garch",
        "time": 0.053801536560058594,
        "status": 200,
        "success": true
      },
      {
        "service": "sentiment",
        "time": 0.3343849182128906,
        "status": 200,
        "success": true
      },
      {
        "service": "portfolio",
        "time": 0.01060342788696289,
        "status": 200,
        "success": true
      },
      {
        "service": "sentiment",
        "time": 0.3971097469329834,
        "status": 200,
        "success": true
      },
      {
        "service": "garch",
        "time": 0.03901076316833496,
        "status": 200,
        "success": true
      },
      {
        "service": "portfolio",
        "time": 0.0141754150390625,
        "status": 200,
        "success": true
      },
      {
        "service": "sentiment",
        "time": 0.24686765670776367,
        "status": 200,
        "success": true
      },
      {
        "service": "sentiment",
        "time": 0.19224214553833008,
        "status": 200,
        "success": true
      },
      {
        "service": "sentiment",
        "time": 0.14580941200256348,
        "status": 200,
        "success": true
      },
      {
        "service": "portfolio",
        "time": 0.01226043701171875,
        "status": 200,
        "success": true
      },
      {
        "service": "garch",
        "time": 0.04441070556640625,
        "status": 200,
        "success": true
      },
      {
        "service": "sentiment",
        "time": 0.10123729705810547,
        "status": 200,
        "success": true
      },
      {
        "service": "garch",
        "time": 0.048905372619628906,
        "status": 200,
        "success": true
      },
      {
        "service": "portfolio",
        "time": 0.011568307876586914,
        "status": 200,
        "success": true
      },
      {
        "service": "sentiment",
        "time": 0.07749533653259277,
        "status": 200,
        "success": true
      },
      {
        "service": "sentiment",
        "time": 0.08899927139282227,
        "status": 200,
        "success": true
      },
      {
        "service": "garch",
        "time": 0.03891444206237793,
        "status": 200,
        "success": true
      },
      {
        "service": "portfolio",
        "time": 0.008948087692260742,
        "status": 200,
        "success": true
      },
      {
        "service": "intraday",
        "time": 1.70639967918396,
        "status": 200,
        "success": true
      },
      {
        "service": "intraday",
        "time": 2.561835527420044,
        "status": 200,
        "success": true
      },
      {
        "service": "intraday",
        "time": 3.3217456340789795,
        "status": 200,
        "success": true
      },
      {
        "service": "intraday",
        "time": 5.255547046661377,
        "status": 200,
        "success": true
      },
      {
        "service": "intraday",
        "time": 5.511990308761597,
        "status": 200,
        "success": true
      },
      {
        "service": "intraday",
        "time": 6.057084560394287,
        "status": 200,
        "success": true
      },
      {
        "service": "intraday",
        "time": 5.802235841751099,
        "status": 200,
        "success": true
      },
      {
        "service": "intraday",
        "time": 5.967099666595459,
        "status": 200,
        "success": true
      },
      {
        "service": "intraday",
        "time": 6.294404745101929,
        "status": 200,
        "success": true
      },
      {
        "service": "intraday",
        "time": 6.745280742645264,
        "status": 200,
        "success": true
      }
    ]
  }
}