{
  "sentiment": {
    "avg_time": 0.14839329719543456,
    "min_time": 0.11249661445617676,
    "max_time": 0.32143282890319824,
    "std_time": 0.0585957027190593,
    "times": [
      0.32143282890319824,
      0.15003156661987305,
      0.13355445861816406,
      0.127777099609375,
      0.1259596347808838,
      0.12610316276550293,
      0.11479425430297852,
      0.1385197639465332,
      0.11249661445617676,
      0.13326358795166016
    ]
  },
  "garch": {
    "avg_time": 1.9419216871261598,
    "min_time": 1.0959904193878174,
    "max_time": 3.3270070552825928,
    "std_time": 0.7064837535606387,
    "times": [
      2.2000043392181396,
      1.680995225906372,
      1.2333118915557861,
      1.4039256572723389,
      1.5953736305236816,
      1.0959904193878174,
      1.925102710723877,
      1.8728978633880615,
      3.3270070552825928,
      3.0846080780029297
    ]
  },
  "portfolio": {
    "avg_time": 0.08459300994873047,
    "min_time": 0.054889678955078125,
    "max_time": 0.2145674228668213,
    "std_time": 0.04398016328179355,
    "times": [
      0.2145674228668213,
      0.06725215911865234,
      0.06573915481567383,
      0.054889678955078125,
      0.07062625885009766,
      0.06671977043151855,
      0.08184027671813965,
      0.07834362983703613,
      0.07928729057312012,
      0.06666445732116699
    ]
  },
  "intraday": {
    "avg_time": 1.5013976097106934,
    "min_time": 1.040245771408081,
    "max_time": 2.456421375274658,
    "std_time": 0.374275664288246,
    "times": [
      1.7509150505065918,
      1.4661681652069092,
      2.456421375274658,
      1.3189897537231445,
      1.1937675476074219,
      1.4447906017303467,
      1.5348665714263916,
      1.040245771408081,
      1.5790462493896484,
      1.2287650108337402
    ]
  },
  "concurrent": {
    "total_time": 16.77137565612793,
    "success_rate": 1.0,
    "avg_response_time": 2.975568342208862,
    "total_requests": 40,
    "successful_requests": 40,
    "results": [
      {
        "service": "portfolio",
        "time": 0.049869537353515625,
        "status": 200,
        "success": true
      },
      {
        "service": "portfolio",
        "time": 0.061185359954833984,
        "status": 200,
        "success": true
      },
      {
        "service": "portfolio",
        "time": 0.05057549476623535,
        "status": 200,
        "success": true
      },
      {
        "service": "garch",
        "time": 0.20883512496948242,
        "status": 200,
        "success": true
      },
      {
        "service": "garch",
        "time": 0.2788102626800537,
        "status": 200,
        "success": true
      },
      {
        "service": "portfolio",
        "time": 0.017253398895263672,
        "status": 200,
        "success": true
      },
      {
        "service": "garch",
        "time": 0.28224611282348633,
        "status": 200,
        "success": true
      },
      {
        "service": "garch",
        "time": 0.1291518211364746,
        "status": 200,
        "success": true
      },
      {
        "service": "sentiment",
        "time": 0.3788414001464844,
        "status": 200,
        "success": true
      },
      {
        "service": "portfolio",
        "time": 0.019629716873168945,
        "status": 200,
        "success": true
      },
      {
        "service": "garch",
        "time": 0.09520316123962402,
        "status": 200,
        "success": true
      },
      {
        "service": "sentiment",
        "time": 0.41075754165649414,
        "status": 200,
        "success": true
      },
      {
        "service": "sentiment",
        "time": 0.5491058826446533,
        "status": 200,
        "success": true
      },
      {
        "service": "garch",
        "time": 0.1233673095703125,
        "status": 200,
        "success": true
      },
      {
        "service": "portfolio",
        "time": 0.03565669059753418,
        "status": 200,
        "success": true
      },
      {
        "service": "sentiment",
        "time": 0.49900388717651367,
        "status": 200,
        "success": true
      },
      {
        "service": "garch",
        "time": 0.08297872543334961,
        "status": 200,
        "success": true
      },
      {
        "service": "portfolio",
        "time": 0.020721435546875,
        "status": 200,
        "success": true
      },
      {
        "service": "sentiment",
        "time": 0.4430842399597168,
        "status": 200,
        "success": true
      },
      {
        "service": "sentiment",
        "time": 0.3399374485015869,
        "status": 200,
        "success": true
      },
      {
        "service": "sentiment",
        "time": 0.2629563808441162,
        "status": 200,
        "success": true
      },
      {
        "service": "portfolio",
        "time": 0.0294649600982666,
        "status": 200,
        "success": true
      },
      {
        "service": "garch",
        "time": 0.10083150863647461,
        "status": 200,
        "success": true
      },
      {
        "service": "sentiment",
        "time": 0.20816636085510254,
        "status": 200,
        "success": true
      },
      {
        "service": "sentiment",
        "time": 0.17450785636901855,
        "status": 200,
        "success": true
      },
      {
        "service": "garch",
        "time": 0.09065461158752441,
        "status": 200,
        "success": true
      },
      {
        "service": "portfolio",
        "time": 0.030302762985229492,
        "status": 200,
        "success": true
      },
      {
        "service": "sentiment",
        "time": 0.11694717407226562,
        "status": 200,
        "success": true
      },
      {
        "service": "garch",
        "time": 0.06179165840148926,
        "status": 200,
        "success": true
      },
      {
        "service": "portfolio",
        "time": 0.015142202377319336,
        "status": 200,
        "success": true
      },
      {
        "service": "intraday",
        "time": 4.765570402145386,
        "status": 200,
        "success": true
      },
      {
        "service": "intraday",
        "time": 7.32408595085144,
        "status": 200,
        "success": true
      },
      {
        "service": "intraday",
        "time": 7.400639533996582,
        "status": 200,
        "success": true
      },
      {
        "service": "intraday",
        "time": 8.80384635925293,
        "status": 200,
        "success": true
      },
      {
        "service": "intraday",
        "time": 12.800593614578247,
        "status": 200,
        "success": true
      },
      {
        "service": "intraday",
        "time": 12.151082277297974,
        "status": 200,
        "success": true
      },
      {
        "service": "intraday",
        "time": 13.785274267196655,
        "status": 200,
        "success": true
      },
      {
        "service": "intraday",
        "time": 15.499754190444946,
        "status": 200,
        "success": true
      },
      {
        "service": "intraday",
        "time": 15.45868468284607,
        "status": 200,
        "success": true
      },
      {
        "service": "intraday",
        "time": 15.866222381591797,
        "status": 200,
        "success": true
      }
    ]
  }
}