{
  "sentiment": {
    "sequential": {
      "avg_time": 0.02652183175086975,
      "min_time": 0.014384984970092773,
      "max_time": 0.09834694862365723,
      "std_time": 0.029102849627000486,
      "times": [
        0.09834694862365723,
        0.017565488815307617,
        0.014615535736083984,
        0.014726400375366211,
        0.014395475387573242,
        0.0203855037689209,
        0.014384984970092773,
        0.017754316329956055
      ],
      "total_requests": 8,
      "successful_requests": 8,
      "errors": 0,
      "throughput": 37.70478635840099
    },
    "parallel": {
      "avg_time": 0.03867188096046448,
      "min_time": 0.015624046325683594,
      "max_time": 0.057718515396118164,
      "std_time": 0.013701540227559173,
      "times": [
        0.015624046325683594,
        0.03208279609680176,
        0.0514826774597168,
        0.057718515396118164,
        0.05045604705810547,
        0.03636574745178223,
        0.03278303146362305,
        0.032862186431884766
      ],
      "total_requests": 8,
      "successful_requests": 8,
      "errors": 0,
      "throughput": 25.858581873023777
    }
  },
  "portfolio": {
    "sequential": {
      "avg_time": 0.0331345796585083,
      "min_time": 0.014582395553588867,
      "max_time": 0.13061785697937012,
      "std_time": 0.0395487533796432,
      "times": [
        0.13061785697937012,
        0.017831087112426758,
        0.022255420684814453,
        0.026026248931884766,
        0.019392967224121094,
        0.014582395553588867,
        0.017850160598754883,
        0.01652050018310547
      ],
      "total_requests": 8,
      "successful_requests": 8,
      "errors": 0,
      "throughput": 30.179951286728333
    },
    "parallel": {
      "avg_time": 0.07060551643371582,
      "min_time": 0.019370079040527344,
      "max_time": 0.11139297485351562,
      "std_time": 0.026663006158809555,
      "times": [
        0.019370079040527344,
        0.07260465621948242,
        0.07814717292785645,
        0.08911681175231934,
        0.11139297485351562,
        0.07182550430297852,
        0.06845712661743164,
        0.053929805755615234
      ],
      "total_requests": 8,
      "successful_requests": 8,
      "errors": 0,
      "throughput": 14.163199286826208
    }
  },
  "garch": {
    "sequential": {
      "avg_time": 0.07884323596954346,
      "min_time": 0.044008493423461914,
      "max_time": 0.25577378273010254,
      "std_time": 0.07181006386166168,
      "times": [
        0.25577378273010254,
        0.06828665733337402,
        0.05382990837097168,
        0.053052425384521484,
        0.05032038688659668,
        0.044008493423461914,
        0.05286669731140137,
        0.05260753631591797
      ],
      "total_requests": 8,
      "successful_requests": 8,
      "errors": 0,
      "throughput": 12.683396206445565
    },
    "parallel": {
      "avg_time": 0.19827023148536682,
      "min_time": 0.1613781452178955,
      "max_time": 0.24239182472229004,
      "std_time": 0.030839577834440288,
      "times": [
        0.16232991218566895,
        0.18054938316345215,
        0.2263643741607666,
        0.24239182472229004,
        0.1613781452178955,
        0.22798514366149902,
        0.19446587562561035,
        0.19069719314575195
      ],
      "total_requests": 8,
      "successful_requests": 8,
      "errors": 0,
      "throughput": 5.0436214882505155
    }
  },
  "intraday": {
    "sequential": {
      "avg_time": 1.3803501725196838,
      "min_time": 1.0126945972442627,
      "max_time": 1.7835509777069092,
      "std_time": 0.2605903231609777,
      "times": [
        1.7835509777069092,
        1.0126945972442627,
        1.0949854850769043,
        1.452378749847412,
        1.2125740051269531,
        1.371934175491333,
        1.5496959686279297,
        1.5649874210357666
      ],
      "total_requests": 8,
      "successful_requests": 8,
      "errors": 0,
      "throughput": 0.7244538522964831
    },
    "parallel": {
      "avg_time": 5.46369731426239,
      "min_time": 2.6166226863861084,
      "max_time": 6.778776407241821,
      "std_time": 1.4164340821351518,
      "times": [
        2.6166226863861084,
        4.132354259490967,
        6.732198238372803,
        6.778776407241821,
        6.23989200592041,
        5.714904308319092,
        5.764557838439941,
        5.7302727699279785
      ],
      "total_requests": 8,
      "successful_requests": 8,
      "errors": 0,
      "throughput": 0.18302624440589127
    }
  }
}