{
  "sentiment": {
    "sequential": {
      "avg_time": 0.021242350339889526,
      "min_time": 0.006735086441040039,
      "max_time": 0.04555034637451172,
      "std_time": 0.012925564829830278,
      "times": [
        0.04555034637451172,
        0.013500452041625977,
        0.029438018798828125,
        0.018355846405029297,
        0.01700615882873535,
        0.029920101165771484,
        0.006735086441040039,
        0.009432792663574219
      ],
      "total_requests": 8,
      "successful_requests": 8,
      "errors": 0,
      "throughput": 47.0757700536635
    },
    "parallel": {
      "avg_time": 0.015975654125213623,
      "min_time": 0.013032197952270508,
      "max_time": 0.019960641860961914,
      "std_time": 0.0022115477751502056,
      "times": [
        0.013032197952270508,
        0.016038894653320312,
        0.017398834228515625,
        0.019960641860961914,
        0.014307022094726562,
        0.017109394073486328,
        0.015875577926635742,
        0.014082670211791992
      ],
      "total_requests": 8,
      "successful_requests": 8,
      "errors": 0,
      "throughput": 62.59524600133569
    }
  },
  "portfolio": {
    "sequential": {
      "avg_time": 0.014542967081069946,
      "min_time": 0.008778095245361328,
      "max_time": 0.02923440933227539,
      "std_time": 0.008600382796478644,
      "times": [
        0.02923440933227539,
        0.009948968887329102,
        0.027541160583496094,
        0.008778095245361328,
        0.009995222091674805,
        0.011715412139892578,
        0.01001429557800293,
        0.009116172790527344
      ],
      "total_requests": 8,
      "successful_requests": 8,
      "errors": 0,
      "throughput": 68.76175916685281
    },
    "parallel": {
      "avg_time": 0.02770182490348816,
      "min_time": 0.02120375633239746,
      "max_time": 0.039592742919921875,
      "std_time": 0.00617622527259623,
      "times": [
        0.025485754013061523,
        0.028987646102905273,
        0.031230926513671875,
        0.021387338638305664,
        0.039592742919921875,
        0.02120375633239746,
        0.030261993408203125,
        0.023464441299438477
      ],
      "total_requests": 8,
      "successful_requests": 8,
      "errors": 0,
      "throughput": 36.0987048139952
    }
  },
  "garch": {
    "sequential": {
      "avg_time": 0.041348040103912354,
      "min_time": 0.026511192321777344,
      "max_time": 0.07180595397949219,
      "std_time": 0.01560417475164663,
      "times": [
        0.07180595397949219,
        0.026511192321777344,
        0.05336737632751465,
        0.03560233116149902,
        0.031162023544311523,
        0.035466909408569336,
        0.027855634689331055,
        0.04901289939880371
      ],
      "total_requests": 8,
      "successful_requests": 8,
      "errors": 0,
      "throughput": 24.18494316748474
    },
    "parallel": {
      "avg_time": 0.15587109327316284,
      "min_time": 0.09044742584228516,
      "max_time": 0.21251845359802246,
      "std_time": 0.053431063833760055,
      "times": [
        0.18926668167114258,
        0.20755457878112793,
        0.21029233932495117,
        0.21251845359802246,
        0.09044742584228516,
        0.11033129692077637,
        0.10854601860046387,
        0.1180119514465332
      ],
      "total_requests": 8,
      "successful_requests": 8,
      "errors": 0,
      "throughput": 6.415557747115484
    }
  },
  "intraday": {
    "sequential": {
      "avg_time": 0.826081395149231,
      "min_time": 0.7264034748077393,
      "max_time": 1.148911952972412,
      "std_time": 0.13768793151769518,
      "times": [
        0.8378252983093262,
        0.8048439025878906,
        0.7393093109130859,
        0.7700157165527344,
        0.7417781352996826,
        0.7264034748077393,
        1.148911952972412,
        0.8395633697509766
      ],
      "total_requests": 8,
      "successful_requests": 8,
      "errors": 0,
      "throughput": 1.2105344653348
    },
    "parallel": {
      "avg_time": 2.620865374803543,
      "min_time": 1.680955410003662,
      "max_time": 3.9422922134399414,
      "std_time": 0.7372592165444041,
      "times": [
        1.680955410003662,
        1.6883354187011719,
        2.977566957473755,
        2.979832172393799,
        2.4017114639282227,
        2.643662214279175,
        3.9422922134399414,
        2.652567148208618
      ],
      "total_requests": 8,
      "successful_requests": 8,
      "errors": 0,
      "throughput": 0.38155336386744354
    }
  }
}